"Giorno Giovanna to Narancia","We're leaving you here... I won't let anyone, hurt you anymore, I promise... but, I swear that I will bring you home."
"Giorno Giovanna","Making me repeat myself... it's useless. I hate it because it's useless, useless, useless..."
"Giorno Giovanna","They will catch us in no time if we steal a single car. But, if we steal a hundred cars, then they might have a harder time figuring out which one we're on."
"Giorno Giovanna","don't get it. You aren't here to finish me off. I'll be finishing you. You're the one God has forsaken."
"Giorno Giovanna","Only those with resolve can clear a path through the darkness..."
"Giorno Giovanna","I'm telling the truth! I've been betrayed by God!"
"Giorno Giovanna","Even if Polpo is a capo in the organization that I'm intending to join, if he intends to get in the way of my dream... and if he's someone who kills innocent bystanders like that old man, as if his life was just trash to be tossed... I have to defeat him!"
"Giorno Giovanna","I'll trap you in the same loop you trapped Diavolo and in when you killed them!"
"Pannacotta Fugo","I'd like to order this man some spaghetti, if you don't mind!"
"Giorno Giovanna's first line","Looking for a taxi? Yeah? A taxi? You looking for one? A taxi?"
"Giorno Giovanna","You said there are two paths I could follow... but for you to have that many choices? Impossible!"
"Giorno Giovanna","you'd just speed up time in Hell to get through it! You'll get the fate you deserve"
"Giorno Giovanna","One more thing. About that theory of happiness you spewed, even as I look at you now, I feel no happiness at all, because victory was mine from the very beginning."
"Giorno Giovanna","I'm going to become a Gang-star!"
"Giorno Giovanna","This was always the plan, poor priest."
"Giorno Giovanna","I, Giorno Giovanna, have a dream that I know is just."
"Giorno after robbing Koichi","Ciao!"
"Giorno Giovanna","This is what resolve is! It is to carve out your destined path through the darkened wastes!"
"Giorno Giovanna to Baby Face","We have similarities. You and my Gold Experience. They both have the ability to create"
"Giorno Giovanna","It is quite simple to interpret endless punishment as endless love."
"Giorno Giovanna","I'll take you to the city for 8,000 yen. How about it?"
"Giorno Giovanna","That which we have inherited from the departed must be taken onwards!"
"Giorno Giovanna to Cannolo Murolo","'You haven't betrayed anyone. Nobody ever let you. You don't trust anyone, so nobody ever trusted you."
"Giorno Giovanna to Diavolo","All that will survive is the reality of this world."
"Giorno Giovanna to Cioccolata","Know your place. Did you really think you deserve a happy ending? A person like you?"
"Giorno Giovanna","Heaven's not waiting for you, Enrico Pucci! But you're such a coward"
"Giorno Giovanna","Luca... please, don't make me say the same thing twice."
"Giorno Giovanna","He had a use for that power. But that use has been and gone."
"Giorno Giovanna","If you feel sympathy for him, don't bother. This is the fate he deserved"
"Giorno Giovanna","So. You asserted that when someone is insulted, murder is permitted, correct?"
