"Giorno Giovanna","George Joestar, I apologize for my men's manners."
"Giorno Giovanna","don't get it. You aren't here to finish me off. I'll be finishing you. You're the one God has forsaken. This was always the plan, poor priest. If only you had never realized how you've been used, you might have been happy to the bitter end. But I am the son of a God who is both kind and cruel, and I must act accordingly."
"Giorno Giovanna","are a half-formed man, driven by fruitless desire. A narrow-minded man, unable to accept anything but your own ideals. A self-absorbed low-life who has the gall to try to bask in God's love. So vain you'll do anything for a modest scrap of praise, and for a fleeting moment's emotion you'll act as if you've risen to Heaven and activate your bizarre power. He had a use for that power. But that use has been and gone. If you were but a little more rational, he might have allowed you to remain by his side, useful or not. But in the end, you are a man of no experience, incapable of deeper thought, incapable of seeing the big picture, a fool dancing at the whims of your betters. Since he saw no value in keeping you around, he has tossed you aside like yesterday's trash. Are you prepared?"
"Giorno Giovanna","Heaven's not waiting for you, Enrico Pucci! But you're such a coward you'd just speed up time in Hell to get through it! You'll get the fate you deserve – I'll trap you in the same loop you trapped Diavolo and in when you killed them!"
"Giorno Giovanna","If you feel sympathy for him, don't bother. This is the fate he deserved, and at the same time, a blessing. Since this is a punishment direct from God. It is quite simple to interpret endless punishment as endless love."
"Giorno Giovanna","I'm telling the truth! I've been betrayed by God!"
"Giorno Giovanna","I canceled my own death, survived in a place between life and death until I arrived here. I followed you here, to this far off universe, and waited. So I could be useful to you, father. So I could become you."
"Pannacotta Fugo","Is this your idea of a joke, you little punk?! How many times do I have to teach you before you finally learn?! You said that 6 times 5 is 30, so why the hell would your answer be less than 30!? You shit-brained idiot!"
"Pannacotta Fugo","I'd like to order this man some spaghetti, if you don't mind!"
"Pannacotta Fugo","You'll be the one dying... once you've witnessed my Stand!"
"Pannacotta Fugo","I'm sorry, but none of us will board that boat. You aren't facing the facts. Nobody can survive in this world on ideals alone. We can't live without the gang."
"Pannacotta Fugo","This is madness! What are they thinking!? All for a girl we met two days ago! A girl we've never even really talked to! She's nobody to us! We don't even know what kind of music Trish likes!"
"Pannacotta Fugo","As long as I live, I serve your dream. Please accept my body, my heart and my soul. That is my hope, and that is my future. I am yours. Our GioGio..."
